Model,r2_5kf_mean,rmse_5kf_mean
xgboost,0.9077846041626992,20254.617265212193
