Model,r2_5kf_mean,rmse_5kf_mean
randomForest,0.9007054964836751,21029.598687098645
