Model,r2_5kf_mean,rmse_5kf_mean
lasso,0.9064999014023499,21690.2369469733
ridge,0.9043004485617967,21971.935022993537
elastic-net,0.8959769449006245,22986.44291521053
