Model,r2_5kf_mean,rmse_5kf_mean
catboost,0.8627784612244687,12528.619426870586
catboost_tuned,0.8742338595342914,11998.544220895224
