Model,r2_5kf_mean,rmse_5kf_mean
randomForest,0.8999994192149027,21105.260814788413
