Model,r2_5kf_mean,rmse_5kf_mean
xgboost,0.9056931958876527,20536.208370045286
xgboost_tuned,0.9224972092830794,18420.933118322107
