Model,r2_5kf_mean,rmse_5kf_mean
catboost,0.9195333309309255,18889.77802934842
catboost_tuned,0.9278843008768003,17747.62894083976
