Model,r2_5kf_mean,rmse_5kf_mean
scikit_boosting,0.9115267284531348,19694.674160446717
scikit_boosting_tuned,0.9207644789583522,18619.087027133286
