Model,r2_5kf_mean,rmse_5kf_mean
linear,0.905441783598163,21771.66494676524
